{
  "config": {
    "csv": "Fold2.csv",
    "batch_size": 256,
    "num_workers": 4,
    "max_len": 256,
    "amp": "fp16",
    "warmup_batches": 5,
    "limit_batches": 0,
    "device": "cuda"
  },
  "dataset_rows": 32922,
  "timing_sec": {
    "dataset_init": 0.060790091287344694,
    "dataloader_build": 0.0017456961795687675,
    "model_load_and_to_device": 0.8642640230245888,
    "loop_total": 29.190073059871793,
    "fetch_collate_wait": 0.20823969366028905,
    "h2d_copy": 0.014518738258630037,
    "forward": 28.886636127717793,
    "postprocess_cpu": 0.026519625447690487,
    "end_to_end_total": 32.39248160738498
  },
  "counts": {
    "steps": 129,
    "samples": 32922
  },
  "throughput": {
    "samples_per_sec_loop": 1127.8491812087502,
    "steps_per_sec_loop": 4.419310624382747,
    "samples_per_sec_forward_only": 1139.6965660674532
  },
  "batch_shape_stats": {
    "avg_effective_tokens_per_sample": 85.00713808395602,
    "avg_padded_len_per_sample": 240.4759127635016,
    "padding_efficiency": 0.35349543788843885
  },
  "gpu": {
    "peak_memory_allocated_mb": 3911.66259765625
  }
}