{
  "config": {
    "csv": "Fold2.csv",
    "batch_size": 128,
    "num_workers": 4,
    "max_len": 256,
    "amp": "fp16",
    "warmup_batches": 5,
    "limit_batches": 0,
    "device": "cuda"
  },
  "dataset_rows": 32922,
  "timing_sec": {
    "dataset_init": 0.05381768010556698,
    "dataloader_build": 0.0015709782019257545,
    "model_load_and_to_device": 0.8495074259117246,
    "loop_total": 28.0357012799941,
    "fetch_collate_wait": 0.17916079750284553,
    "h2d_copy": 0.024360074196010828,
    "forward": 27.704674820881337,
    "postprocess_cpu": 0.04802285321056843,
    "end_to_end_total": 30.545206774026155
  },
  "counts": {
    "steps": 258,
    "samples": 32922
  },
  "throughput": {
    "samples_per_sec_loop": 1174.288442839584,
    "steps_per_sec_loop": 9.20255203974888,
    "samples_per_sec_forward_only": 1188.3193075843758
  },
  "batch_shape_stats": {
    "avg_effective_tokens_per_sample": 85.00713808395602,
    "avg_padded_len_per_sample": 238.19822611019987,
    "padding_efficiency": 0.35687561352630887
  },
  "gpu": {
    "peak_memory_allocated_mb": 2062.48779296875
  }
}